bot_id,wallet_address,sol_balance,usdc_balance,dexf_balance,other_tokens_sol,total_sol_equiv
BOT-001,iEUcaHNqo7USPXZyWPuZUStWPY3X4NPgV1NkUaiSYth,0.015888153,0.399396,677.00,0.364328363,0.386165534
BOT-002,GYTuFBjkzRWHCnd2aMzGScZYGvA8x2EPBTvfFDPqe6u9,0.030000000,0.000000,1038.00,0.006280124,0.036310393
BOT-003,DCF4jD1mBAzQQWokgHDzqRPMmjLZryAhb555f9EKKYjW,0.049511346,0.000000,702.00,0.310201487,0.359733304
BOT-004,9PKVa4QBVXucDSq9sGmiNrepY5zcfeaPDwHkkqkiWVhA,0.338878763,0.000000,1006.00,0.132867879,0.471775978
BOT-005,DEjAzxZqswS4WiEw7X5iP3WpEPkfbrnvAmN2UG2Jqn6b,0.491789794,0.000000,728.00,0.385392513,0.877203536
BOT-006,8ptXrDxqFqmhkKNRa4aRHpF3guCAnDwHxd1MN3Rs6Tv3,0.013726015,0.000000,616.00,0.322345179,0.336089157
BOT-007,B995LDLtehKxNsicMstTnkappCnEhBjWawmRMmSq84R2,0.043521036,0.284265,738.00,0.265944529,0.313707172
BOT-008,8p55oXhoWGqoGL3WraFeA9sAsJv7ZbfGsVHNj3xfCZHH,0.006915526,0.304802,1069.00,0.003448187,0.014919856
BOT-009,DyPNhBgA2FqVnACy4A2gnprmTajYUJjafzQNVEG6FabS,0.008437972,0.404706,525.00,0.342729627,0.357191014
BOT-010,Stjn55oSJsqmMC7zTYebStuXf4rb2XvbQTPxGkhyQ8K,0.135189685,0.000000,291.00,0.396624648,0.531822819
BOT-011,HYqzDi9TLKQfGikuymw6yX2EChjy72jid6RL79Gr8b5v,0.056023109,0.408110,194.00,0.627015409,0.689102815
BOT-012,5iskKQ1HC3dv7mUFNXKqkAQ3gteB1ETQbdwHhkaHaNvs,0.166718342,0.000000,101.00,0.576124788,0.742846075
BOT-013,BvC5p28it4bpEAVccowdqUuzhQRjjBnUpGP7z7LoSF3D,0.641870779,0.000000,0.00,0.000000000,0.641870779
BOT-014,Hrus17Rvg2Me8dmksxtbwQ5ZJ2d6MNv4GH4ZCi448hGS,0.758749864,0.000000,0.00,0.000000000,0.758749864
BOT-015,BSbxDNbMX1kDTKe3sraUMNRkekksh2GpM7dTobAUDjbS,0.524780030,0.000000,0.00,0.000000000,0.524780030
BOT-016,7RrrKeKrgg5oPefMXek9KmbdH3rRTx2Jjqz8iL65wftP,0.011087415,0.000000,161.00,0.108670511,0.119762621
BOT-017,5rjGbVP8fNDcGW7dt3zoDEWDv8XSovqH1jxffxm9QBQT,0.304782884,0.000000,0.00,0.000000000,0.304782884
BOT-018,HgQeA5mBgjAJ8FSFmx66ujT9o6s2SK5bgxqebqCGFTic,0.022545968,0.000000,184.00,0.148370264,0.170921598
BOT-019,B2rJpVEPyg1jvSkv8iiYDaT6nEt9Qx2m4boh2qGAtNNX,0.014952106,0.000000,159.00,0.102100822,0.117057565
BOT-020,BsHN6tetbwBUppsiaKrjLvpEYSHPvaF2bgUrjS6zSix,0.384553004,0.000000,0.00,0.000000000,0.384553004
BOT-021,Hp2MsEdkwRqu2MRShhv4dNYDNn7TZFRk8smAKLR4gJB5,0.320545437,0.000000,0.00,0.000000000,0.320545437
BOT-022,A31wYGd25GxbHAHZAiJCYAczPNnggm3srnom9E51aJsZ,0.024370292,0.000000,201.00,0.139534718,0.163910871
BOT-023,8P3Qo2dx92wBiE1yvFxw4F5d1sXM7QWd1Eh3a6cTTiin,0.330618972,0.000000,0.00,0.000000000,0.330618972
BOT-024,ADSKQT8vgKFpKuxMnuTa3uyxypdPCPzmuoxp5jxZ5xLe,0.007381343,0.000000,69.00,0.180580100,0.187963455
BOT-025,4dVBz5bQHQZQbrwezoPfRSXihb1QP58cB8x3e7xqE7Uk,0.007987170,0.000000,269.00,0.012285763,0.020280777
BOT-026,FcsUYaXQkd7SbPe97gUJmbus34fmod8eTh5VMmX5a7w2,0.007133632,0.000000,151.00,0.141680399,0.148818434
BOT-027,BSG4qnSCAYdmhQMETzmiQgGNYKwkLpjxtT85twREcR1J,0.018659590,0.000000,19.00,0.283113834,0.301773978
BOT-028,5TYopDwHcFr8BMAp6cr2jCW335KkqQGk2vM6uq46vR2c,0.417144738,0.000000,0.00,0.000000000,0.417144738
BOT-029,BeuCcgXzVwrLDVTZ7d5xxvrKwchX25CXJHA1xcB1aKwj,0.025127730,0.000000,29.00,0.266862669,0.291991245
BOT-030,2Lkti5YYKAbdgW5Bjppa1Bsr49d7HjBRBFq7CSqS9d3z,0.006658692,0.000000,24.00,0.325561076,0.332220468
BOT-031,5Fskzb4iUNH78VExuSfFkUxNhS69KiLgbFyELTnaVkzW,0.008288372,0.000000,106.00,0.242476946,0.250768409
BOT-032,BgU9ohhhgD3yBe59jpQMqFsdUZATaivJEGTRKXd1rh5e,0.006193807,0.000000,146.00,0.178837809,0.185035874
BOT-033,TwPwfAiEqqzrzeEhQghsunQ5q6WbxYUGyPJ4AYTJ1oy,0.009428207,0.000000,177.00,0.065441429,0.074874797
BOT-034,8wMzLTDPUbzbtD8wEUSMB97N39PVbJoj3VWfQFR9PjDj,0.028609866,0.000000,36.00,0.233027470,0.261638386
BOT-035,4PXifq1sxSQTagqz77uvKCNKgf2NsUiZCE2EbrzQekiV,0.150906002,0.000000,178.00,0.338092440,0.489003633
BOT-036,ED6WiQQAwaNUjBd7rxe3kSuyseS9skTKBHPCYmgedPu6,0.286633940,0.000000,0.00,0.000000000,0.286633940
BOT-037,7AhVtbgpbajay7rdXA7dMccJ5nxVdS5WyKm6irdqN3eR,0.014751887,0.000000,210.00,0.035510529,0.050268540
BOT-038,FYk5ae6nKHCML2KmKYuEsmcTVgYHomgenSeU1qaUx1yQ,0.241169397,0.000000,0.00,0.000000000,0.241169397
BOT-039,AaNVTtd46soWr3C151i6J5pcHSmCnmqLBXedyzdUkJYM,0.006356649,0.000000,184.00,0.019951159,0.026313174
BOT-040,DLhGvhHhZAiKJ7A4mLKBXpeBgMqNzzEpHobyPp4YiAfb,0.011000000,0.000000,0.00,0.000000000,0.011000000
BOT-041,594eWpwbVkSdzwWiuUAxgmQWoewgiJ3yufGGKyUjYcCe,0.063481807,0.000000,87.00,0.019761122,0.083245466
BOT-042,nkHLBkmkExUBHJ8w6AUjkrWq4M7QKaUU7fF2URpr8Lx,0.006833642,0.000000,173.00,0.012044483,0.018883170
BOT-043,ABfQU7F8ViAJHBTtDUMwzUiSf1G8vTGx5NqRk5kCE8B2,0.005900875,0.000000,132.00,0.005927165,0.011831889
BOT-044,3GzG6wCeK954jPckRK16GTzFczyjTwvx1vs6BeKkmgdX,0.007936383,0.000000,99.00,0.028631149,0.036570419
BOT-045,DRCS6P1vdy7wzmkRMssKstBQ1niAN66ovfKYEH7SfjKF,0.157218205,0.000000,0.00,0.000000000,0.157218205
BOT-046,3GQJT7oZVHspxR8XyCzmWmRxFfGyjkL4rver8E8R8amj,0.006099790,0.000000,171.00,0.005974319,0.012079096
BOT-047,Cv3Yc51hvewNDvjCMVzrAP7yZjowRaGwGUZpyjyziMA3,0.006468077,0.000000,143.00,0.013230757,0.019703004
BOT-048,6P7fW48NYPHg3SWYAgXMei1CiiUHxqYoggzDEzFb92XU,3.212751712,0.000000,0.00,0.000000000,3.212751712
BOT-049,CyRZYFunuLDMN1ACRaFkJbhZZ1AV9WETgQWqAyQjpgwz,0.027090300,0.000000,123.00,0.007260005,0.034353892
BOT-050,B34GgNS9MGtzrjnkNSd69thTCe3TCgggVWWvYb63C9dB,2.178897676,0.000000,116.00,0.174142883,2.353043942
BOT-051,4Fpp7SjGEenchmdam4SrwrTbsSkUf3LpQ8ccBASRjCXo,0.011000000,0.000000,0.00,0.000000000,0.011000000
BOT-052,8wChbd9yJAfvGpkDoyxbTXtdetU8sQFkL3USfMjTmu14,0.006867755,0.000000,0.00,0.002033625,0.008901380
BOT-053,7FivuSpVA1mJ2pgxKnH2o8wofCCv8B7XVwtGDtibrvDq,0.008254273,0.000000,35.00,0.016662269,0.024917563
BOT-054,G9dpHg1Ze4uziSrRXDUMbVmso3RKLMi39QWm36vfCUXU,0.007305665,0.000000,40.00,0.011827940,0.019134771
BOT-055,AuhvnQNXGJMU7oc7tpojmbjUVakCekMka4m9qNLDwC2G,0.066000000,0.000000,0.00,0.000000000,0.066000000
BOT-056,E5R47nGxoz9Cd5sGo6p4vcCBMsFB9D3YBFt5bN2xQhLc,0.008548875,0.000000,38.00,0.009703197,0.018253180
BOT-057,4ipAHLJ9vQV2jTkM6oDMcijJ9a7mDSDuPK8Cy3DBAc8Y,0.008085347,0.000000,28.00,0.017884706,0.025970870
BOT-058,Fg6vsDhbb2XfLLFWdkneKkSEU2R2z4Wn9hEMhuC5v4Rj,0.007977854,0.000000,40.00,0.004222487,0.012201507
BOT-059,CRxdxqyqSmx66wyZvcbJ9mfnnr9gYeDuMo8MVS3JMc7o,0.057000000,0.000000,0.00,0.000000000,0.057000000
BOT-060,AZDmPQ8PT6zYQtfaASGF4xnbqXvLh6BVJYUxaNJXfvNg,0.031209127,0.000000,0.00,0.020396773,0.051605900
BOT-061,E4MwYe1XDesckZbWHC1CKUh2iZc3DC5PonzxkqW1nfT9,0.006840435,0.000000,29.00,0.006913368,0.013754649
BOT-062,H61nQEm3aBbyTsGkQW8ixPRgisC82Z5gcogvkvHtALct,0.051000000,0.000000,0.00,0.000000000,0.051000000
BOT-063,2HuSpu1gFPMEdSNgXcZCMYKZSgPN7B2tyjkgVmkdsoFZ,0.006008087,0.000000,35.00,0.002899565,0.008908673
BOT-064,GRPNxG8tFMLXnAv8m4idk18hG1dfNk7RBvYe5ehViJov,0.008669067,0.000000,10.00,0.025126731,0.033796090
BOT-065,GBHYTfAKo2PeMuBB4fk1kz9dLgPCoZM61ucFt1kYNwpr,0.045000000,0.000000,0.00,0.000000000,0.045000000
BOT-066,ECC6XrSAq53zZfv6fXufpv8hZt7XTRt185iZz2HbQpvU,0.007303229,0.000000,24.00,0.002323712,0.009627641
BOT-067,JxrsLpX3VdgNWohMAWjJjtoAqPUkqHgMgHpTzHAQD8v,0.006018004,0.000000,7.00,0.015976564,0.021994772
BOT-068,DkqSG837osfxD8FHUasfc15mbbBUrdznaE8MoqCiifXh,0.006311992,0.000000,17.00,0.006310052,0.012622540
BOT-069,2qn6ad94SA29bvQ68DqJKgZXP268TdR74uxwB9fPFq1J,0.007163490,0.000000,6.00,0.016155059,0.023318724
BOT-070,A2k4a8nef9GZxvWUjbNV5jBfCtUvXEC3jfroxjHKKzsn,0.006447698,0.000000,7.00,0.017872439,0.024320341
BOT-071,3u5pEjFWkrKRYmaxYx7hYhGLsqV8CCTMvyPTTm7a2yjr,0.033000000,0.000000,0.00,0.000000000,0.033000000
BOT-072,EdA4FseUoBQrCKejYnm9sh8LANN7n2VeHwYMx9k1c7mf,0.033000000,0.000000,0.00,0.000000000,0.033000000
BOT-073,A78p1ugHzSneC5Y8QATp7LfkdRWo6GeJydnxBPjsmYSp,0.033000000,0.000000,0.00,0.000000000,0.033000000
BOT-074,F3FHCg77wyxwJ8es5NXfThvH19N93EArjnFTWMrCfC2P,0.032000000,0.000000,0.00,0.000000000,0.032000000
BOT-075,7C5jzZT1CjQiBHCpcf4Jc1vLVNjf6tVz1EHh3MEQtz5Z,0.032000000,0.000000,0.00,0.000000000,0.032000000
BOT-076,3q84uzC8hk6j7okFxBVfrG2HbZFuBLjSEZ7kUiTZHrWm,0.032000000,0.000000,0.00,0.000000000,0.032000000
BOT-077,Aydv1AAjKKD55tuaLX841aQVTXVK1Vytcmpfm4vkh9kK,0.007583313,0.000000,4.00,0.008277325,0.015860755
BOT-078,DHTKAHJQFRh5a2vuHsCVjEahSyQmVeVu1Hf7HMPU25gq,0.026000000,0.000000,0.00,0.000000000,0.026000000
BOT-079,9RP2c7XBobZ3hvAdBt5y3a353Z1DtCLtWMsBngxLham3,0.023000000,0.000000,0.00,0.000000000,0.023000000
BOT-080,BauGeTRqJAAmQJ1hUAjGaBaT5cmfuJKTEQdnv1C3THdu,0.007453184,0.000000,2.00,0.003860248,0.011313490
BOT-081,Cz38HyGb68W63wKnBRbNpYooEqYNmaZWTRZfiVU3DVgr,0.006496255,0.000000,147.00,0.001096548,0.007597090
BOT-082,AjJSjS26RwQVR6VK5h2QqWFPoWNJZWJcDUtQQFRpqPWm,0.007089062,0.000000,62.00,0.120777895,0.127868765
BOT-083,9YpBWDzuAjHExrAexFfJQ3jYmJwgopYExSiLiD2W3rEu,0.196477183,0.000000,0.00,0.000000000,0.196477183
BOT-084,66yuZUGGWV9R97DCZ7a3CQ8q5yuFQRQhw1MDwRGdQ7X9,0.006224743,0.000000,156.00,0.012254501,0.018483793
BOT-085,DaiC5gBofjsLf2XNbxDtwiC2wbBatJyKuS2FdEA8wyev,0.213894787,0.000000,0.00,0.000000000,0.213894787
BOT-086,JC8E4JwJuwZkoequbrwsdPcbd3KT3MxFatwECXaLWkVL,0.010245279,0.000000,118.00,0.007939823,0.018188543
BOT-087,FLrPWEfZiuoDRMKPbFvTGnysL1y16HyhEKR5i7C5JJXB,0.007113565,0.000000,180.00,0.003564158,0.010682972
BOT-088,DoMCWuYzT2UcUCScaLZc8WTCdh5KDBggu7aEkugxD8tU,0.008166186,0.000000,78.00,0.095983707,0.104152168
BOT-089,4cj112rY8trtshH5yGgaB45g16Bm4FwUkDSnGYMxvcap,0.007045158,0.000000,138.00,0.003763968,0.010813150
BOT-090,9SrMfMeVjHHQSt5DsNDHKcz3hUYK7JpuQXERExxNL3Am,0.208208433,0.000000,0.00,0.000000000,0.208208433
BOT-091,76XNXcjPpxyga9GPtXXUYPqYn24f8Xoa1xuFnvfKApn,0.007058646,0.000000,170.00,0.009870991,0.016934594
BOT-092,33Ez1ogNNJtx1pAZi8MyBKnRs6PQQCXCmoqhj7vuhaNx,0.213959615,0.000000,0.00,0.000000000,0.213959615
BOT-093,5XVqmWkhfNusBQ5EeesHucRqZfEoN23WZL9Sgh84h1V3,0.006888167,0.000000,130.00,0.011756658,0.018648616
BOT-094,GnCLTpU1DjEiMtA5GZG8d17si8bR6xqV9ynZPQepkhem,0.008259057,0.000000,104.00,0.046967037,0.055229127
BOT-095,4KkmpgzdwMhr1axJkoZgff8fQjY3DfTTRZDBvbPbdpag,0.008098357,0.000000,120.00,0.003631148,0.011733004
BOT-096,61h6d8F29FhHRAoGTartfRuPs5qVhTs3RJu5oTCz9aM2,0.008000000,0.000000,0.00,0.000000000,0.008000000
BOT-097,EU386fs3JmL9jRxFauogurmqXeQtsiU8bnKU4Uz5SEwn,0.008000000,0.000000,0.00,0.000000000,0.008000000
BOT-098,7prW4EKZMdPP8iiKR5oj42qhFPRTbLKTBaMg4mNa2bep,0.008000000,0.000000,0.00,0.000000000,0.008000000
BOT-099,4gPT9tkRctKX93AKpbkwbdM4aZaPwLNDTNjRVkENSQDe,0.007925000,0.000000,0.00,0.000000000,0.007925000
BOT-100,4aM6YJHExMsEVbERYtU3N7sWRuZUfe8j9KR5BtDqGkPM,0.008000000,0.000000,0.00,0.000000000,0.008000000
BOT-101,7iRHXSJ6fhHgyd4eSD6PRPonmkPoW7vLV1xRgUdVAPJG,0.008000000,0.000000,0.00,0.000000000,0.008000000
BOT-102,GkpJBKWztqr2AyXJe7K8J3qCBs1P5Np4WbEBXK56Xevi,0.008000000,0.000000,0.00,0.000000000,0.008000000
BOT-103,2Pedfpe2hdyyBGQHkXS4cxH8VsEDthpivGCJ8wtAcNrD,0.007975000,0.000000,0.00,0.000000000,0.007975000
BOT-104,AdPQf5HHHLhVJMBPUp34FN3qo8SEpRQDAugz5FHzaXLM,0.008000000,0.000000,0.00,0.000000000,0.008000000
BOT-105,BwdHsrJLVV67GudQeQ4wPkaWp8EteFK8An4eCVY8eNQK,0.008000000,0.000000,0.00,0.000000000,0.008000000
BOT-106,BAAtFcYzF7VbqiJUsazGyyndUXrzX8Q58RmiQeAEBByP,0.008000000,0.000000,0.00,0.000000000,0.008000000
BOT-107,9QytuS29JWojoToXxkrV5rgjfJ6isKRaVnMQATYsqwrW,0.007900000,0.000000,0.00,0.000000000,0.007900000
BOT-108,2d2xvWMe42KZkpnuwuy2Yr1hrw36sAgzxawDdPyDRPmT,0.008000000,0.000000,0.00,0.000000000,0.008000000
BOT-109,Ae8L6KfV3Tk1oUuCHxVNyccJ2SgFzayyo8YBx9rzhenm,0.008000000,0.000000,0.00,0.000000000,0.008000000
BOT-110,3mjWJxx9FYSzvU4Ndp1v4uVR59MtaJnJgmr29fCukTs9,0.008000000,0.000000,0.00,0.000000000,0.008000000
BOT-111,5VWZrHs8wNEHMcdqZxogc6ZnXz74SacjHTR98mqPoaGJ,0.008000000,0.000000,0.00,0.000000000,0.008000000
BOT-112,AqbZg13K6PYphgCbcwvsYUfLyWT6fEPLUMuT9F49VYXr,0.008000000,0.000000,0.00,0.000000000,0.008000000
BOT-113,5xU6SFoGmN4mqyyGtcbqMGUYDH5GYuvQVGh19fw8q2hb,0.007975000,0.000000,0.00,0.000000000,0.007975000
BOT-114,D7FDiPLSMzTdYkBmgTv5m5c1GG9Gw8qNdePqT1sMgXjv,0.007975000,0.000000,0.00,0.000000000,0.007975000
BOT-115,2eWWnAiep2kHCqsQc3mH4ALzHETLFmc5cy6dcav377dN,0.007925000,0.000000,0.00,0.000000000,0.007925000
BOT-116,76RbbZ2pRgvfCvRANqRGB384VhjPUg5PghPuZYkTgjek,0.007900000,0.000000,0.00,0.000000000,0.007900000
BOT-117,H7EqTNc3C7jRVXL2c8trv8hqtvXXgxftbRVSCcvTxiuf,0.008000000,0.000000,0.00,0.000000000,0.008000000
BOT-118,GafUNxDESC7agUXAcArXJt7CVac86mGJPc4ea7R16U9,0.007925000,0.000000,0.00,0.000000000,0.007925000
BOT-119,8t6bDepHRbAC9Yggu2QtjZ2w5ZuNWJQwEoGeL7ZZ5TqU,0.008000000,0.000000,0.00,0.000000000,0.008000000
BOT-120,3L3Bwgx5TLVHDk9Rymyr8NZ8dqUb89tssZL5upUnBDM4,0.008000000,0.000000,0.00,0.000000000,0.008000000
BOT-121,J4xEVrcP13s4nktkqmujvA87xL9iz2hxiRR1XzT1McR6,0.146731700,0.000000,0.00,0.000000000,0.146731700
BOT-122,9DF3vSanK1HTcG4PBKViwhrobzKRkE7HUJbrgtGCSpH6,0.213116680,0.000000,0.00,0.000000000,0.213116680
BOT-123,2xiggKr39PUGkPR3qoFwDDM7xjFkQHt9WZZdKwK67DPX,0.127665091,0.000000,16.00,0.000000000,0.127665558
BOT-124,CR4Y9hq1XNUBWhYPK94NkWLZynm9jELu82GFgEDwoqNQ,0.148353610,0.000000,0.00,0.000000000,0.148353610
BOT-125,EuEVRmFmodKZsfvdzkjgQcWcL49eUPQX2AYDLKCCpPMa,0.005000000,10.552157,0.00,0.000000000,0.161653162
BOT-126,3boBqBkU9rRezoypCHqwHPqfBCmQbLJUMHDtEE9rPwa2,0.193110377,0.000000,0.00,0.000000000,0.193110377
BOT-127,G1V378Y55UHmBopPJnoSeiGMNfv8fyB1uNgKSgnnw1Sm,0.211120855,0.000000,0.00,0.000000000,0.211120855
BOT-128,4LMjoWeQNoUtMrwCUMVR4RJrGZVfRnViuvee2Ne1ufGm,0.200152256,0.000000,0.00,0.000000000,0.200152256
BOT-129,GBmu3HE2DVFUeXeVvbajqfAJQRxcWsHoA9ZoS7ooyEgE,0.171381438,0.000000,0.00,0.000000000,0.171381438
BOT-130,7ViVXdtgasKgCQwFpJXD2sjj7smR3NP4JsDrkuqjLsnW,0.220680032,0.000000,0.00,0.000000000,0.220680032
BOT-131,AHH51VTQDDSsU92crocmzXY7DtcLUCrHryJm7AKfRias,0.185592277,0.000000,0.00,0.000000000,0.185592277
BOT-132,5nppHwJGpdUiS6QnEzZ9wJ6ZdcP3n1Jj3uWX1UWVxa6m,0.172433685,0.000000,0.00,0.000000000,0.172433685
BOT-133,BBbQ9oAdE5TTKdWWPjJSaEUBw8N1iidzvz85fFRNoZRN,0.155219871,0.000000,0.00,0.000000000,0.155219871
BOT-134,EUSZzJwVY1GCyWSfFVyqeSS1vvDmGLLcdDTvchop1Rz6,0.005000000,0.000000,0.00,0.000000000,0.005000000
BOT-135,EcGeiVc5KSYtrh2SX7Jd8fVU1erhQFBm5ru7EeN8JbAJ,0.005000000,0.000000,0.00,0.000000000,0.005000000
BOT-136,ALh3HBh5QSezNwSvSpzpa6Zc8bfqxuw3bDv6EtYDtNZJ,0.159051306,0.000000,0.00,0.000000000,0.159051306
BOT-137,BiA3txSWB9QEky8CAzvgX373ZJmZRLFRZEAqsZzWCBDj,0.005000000,0.000000,0.00,0.000000000,0.005000000
BOT-138,E2EwXBJk8nX1wBNGRKzCncmMLPJfh3HAE5QmztZGpTQm,0.005000000,0.000000,0.00,0.000000000,0.005000000
BOT-139,HeLGeRA2a9H4jsShZyAmtX7FWZprCqmcCtx5VYDLq35o,0.005000000,0.000000,0.00,0.000000000,0.005000000
BOT-140,4fnoaB6EgDsMquxf7VeT4QamyYeNyNoQj43gBvvXhuxE,0.139253691,0.000000,0.00,0.000000000,0.139253691
BOT-141,ZWrLT9w2tt4KrYQZTtdpftxVPYqMtCV6wX41U6dnExg,0.139441842,0.000000,0.00,0.000000000,0.139441842
BOT-142,GcLGbbd9XUDDrN2NrxQs37tnBDtBevMK5ZLRSYNjkmNQ,0.128667677,0.000000,0.00,0.000000000,0.128667677
BOT-143,G3NZmH9bLThKC9H4FWkMZpRj5FBAUtG7FiJa3xgGY6zt,0.005000000,9.829316,0.00,0.000000000,0.150922150
BOT-144,3feWxv2pe53WXyL9oHsF9hrafnPD7Q7QUz3QwKzMadsd,0.114523799,0.000000,0.00,0.000000000,0.114523799
BOT-145,Db852Az3357M9ZJfSR6wwEXCe7cxkHScwbGm2KUoeLLB,0.120167065,0.000000,0.00,0.000000000,0.120167065
BOT-146,3wEjBtTKTrMJJW6bVUZn5JFB8K2V1ANCwkqpkBhqyK5A,0.127490008,0.000000,0.00,0.000000000,0.127490008
BOT-147,9oTgWoAQzFVVrkHwTmKjxztwmQtq2Hb5wgKHpACX2nkq,0.140214878,0.000000,0.00,0.000000000,0.140214878
BOT-148,FKvR4MaDBBwqt2eo59kApPVtmyxXtGi8GXmnciVd7etP,0.116991210,0.000000,0.00,0.000000000,0.116991210
BOT-149,ESy2YBGXujhmAKKh68WLvXF8fPEwHktUfuDP85qxJeVw,0.151738000,0.000000,0.00,0.000000000,0.151738000
BOT-150,GSrJTpVrdhpLtLh39CwVmxcj3A7Qg9x7Kyd9iFUhJCdo,0.005000000,0.000000,0.00,0.000000000,0.005000000
BOT-151,82GxSV8x2aK2ZxGBT1GcNku3XiPgpDRG9TEtq4vL4Ft6,0.005000000,0.000000,0.00,0.000000000,0.005000000
BOT-152,5c2byLSYjn58sSQjijwqiAZUp2LTLvuV7nnnfjkwPt32,0.112217644,0.000000,0.00,0.000000000,0.112217644
BOT-153,FoBKQGZ9GJ7fwG1DfG3cGY9uXjBUp2Wif8SBjpzpgVLY,0.125397187,0.000000,0.00,0.000000000,0.125397187
BOT-154,5mSNRXZwi6qAZFdWaY1Ek5ZY6XqEkMVwawraByWRpcUR,0.151280855,0.000000,0.00,0.000000000,0.151280855
BOT-155,32EcPyeku6fAxTVqWziAn5FpG55H3wfZUwYP8c3zdDr5,0.122805882,0.000000,0.00,0.000000000,0.122805882
BOT-156,HzVfH8hE92uNwMMUPvtTNXYCdmb5uVX7C6SPaeB6Ws8n,0.005000000,0.000000,0.00,0.000000000,0.005000000
BOT-157,FF2u2nJ8ESwWqscXGQm7hNkNo4CnRKaLGeTzX6xu7T2Y,0.143548165,0.000000,0.00,0.000000000,0.143548165
BOT-158,8cKzxuqxtDJf1jGLL1dvcj5kNotwxGZNg2dmztDWkYqp,0.155000806,0.000000,0.00,0.000000000,0.155000806
BOT-159,DG1rG5WZxDgS84xFK4Kbpa6WnGgETuZZBWaAQ2aBeSb1,0.124395484,0.000000,0.00,0.000000000,0.124395484
BOT-160,DuTT2aeUW34h9keWxNX3BVJz3AGXXnWWLcspPmmfqskn,0.120771394,0.000000,0.00,0.000000000,0.120771394
BOT-161,FqzzZoN81nEsCq2n5YxQuWU82VyG6BDhgNWPtKgMvdJP,0.316183705,0.000000,0.00,0.000000000,0.316183705
BOT-162,DUePpK3YyCAsm9EWsRc1WTPp1NxPtyoGCkAMFUwLoTrR,0.257658287,0.000000,0.00,0.000000000,0.257658287
BOT-163,BfajaaKtaNy9th6MuStDjB1ieHnD3rBgbJHumpaDxnsD,0.005000000,17.424117,0.00,0.000000000,0.263671571
BOT-164,2bCtrneVjRqxpCKH6PKCrdA3SNSbeAXgZPF1u1EGQuab,0.300767289,0.000000,0.00,0.000000000,0.300767289
BOT-165,J1dz6aTCQ3XpUrooUqGgAAT52esMTysVSZstRPubdZNy,0.005000000,23.357368,0.00,0.000000000,0.351754276
BOT-166,FqEG6dib3chDX5b7K2fXgyvqbkcfEmbWycjJ96iV9VN2,0.320335326,0.000000,0.00,0.000000000,0.320335326
BOT-167,2TzVnPsgyKhSqzrL4b35M9MgFWp3dRKCucKguxHNaK3f,0.005000000,22.699169,0.00,0.000000000,0.341982913
BOT-168,3EYJjz1drtmt17y5uVyaNrWaiP4Dqbu7AMzDBxfpKFqd,0.296014382,0.000000,0.00,0.000000000,0.296014382
BOT-169,86i7w9JHWwqNmg7gSLJHUGdoeXoknXip728qNtr2iScp,0.321479473,0.000000,0.00,0.000000000,0.321479473
BOT-170,G7z2RRfhK3Af85Ag861nXDt9ZEm84SZnr3ecGmmgnKst,0.303357888,0.000000,0.00,0.000000000,0.303357888
BOT-171,JCVD2XtonnP6yPT228sUbq1G9EJkpXapfwwHr5SPP69C,0.249739834,0.000000,0.00,0.000000000,0.249739834
BOT-172,CBL9qs2GSfRbXpANcJERNRSm8FSqEzPEdUuCzPJydRe6,0.320705340,0.000000,0.00,0.000000000,0.320705340
BOT-173,68hj29z1CNDdK1JRyk1iujW7uHvNTmGmBVCvCRxJ6Szv,0.314463670,0.000000,0.00,0.000000000,0.314463670
BOT-174,2j2rbsjfgnKuksopk7abprNE8kFhakmPcgdccVcuA7bF,0.487100949,0.000000,0.00,0.000000000,0.487100949
BOT-175,3nhP9a6JGiLkUiwraFoKy1odysQcee2Z16kPJazuSoV5,0.138914436,0.000000,0.00,0.000000000,0.138914436
BOT-176,3USybBfqDwUfER3hVCZTZCdJxy2guyqrVyYxoDKmCmFA,0.136142916,0.000000,0.00,0.000000000,0.136142916
BOT-177,2SkjFzpTrBeHqoj7TjgX31kdV9GooNqDGfnvxQWCm3SW,0.005000000,0.000000,0.00,0.000000000,0.005000000
BOT-178,HPJMykyEByudngmr26b1Jz4YkXGTyKnEAjHhNgTg4syX,0.005000000,0.000000,0.00,0.000000000,0.005000000
BOT-179,D1W5pJJ3fiDJahSw2ge9ELmqd1go3v4BXMerTikZvTjv,0.005000000,0.000000,0.00,0.000000000,0.005000000
BOT-180,3fzzxuzUiqR5qLMHwspWDZVzsCKb4RDeb3uqzt26U98D,0.005000000,0.000000,0.00,0.000000000,0.005000000
BOT-181,8chBrqfM3RdqLrDRGtQko39DgJJnzmv9y4JJ7pRggaQ1,0.005000000,0.000000,0.00,0.000000000,0.005000000
BOT-182,6u1uG1zm5kiR5NMXgCrEiDyhkqRiBqc7H2qjkMbNVbKY,0.005000000,0.000000,0.00,0.000000000,0.005000000
BOT-183,E7Rif7YtSGEJ9Kizfp7pz5PiueJ5fPZViDkecd8DBgdf,0.005000000,0.000000,0.00,0.000000000,0.005000000
BOT-184,FEttJg5hNvsv5GkzUUrQzjkPubiGJBhbvmwW2UWMG3mv,0.005000000,0.000000,0.00,0.000000000,0.005000000
BOT-185,CE5Ask1PZ2rz4VurnzsX9KAsg54nkec3GqeH4MpvZXwc,0.005000000,0.000000,0.00,0.000000000,0.005000000
BOT-186,FfmvApyhbPMqjesF4vAhDFFs624aptyrRf9nmEAMZZUL,0.005000000,0.000000,0.00,0.000000000,0.005000000
BOT-187,DWrPD9Ws9q2PLGGd9k618u1Cokd7Nj6Mm1LBZide9xUK,0.005000000,0.000000,0.00,0.000000000,0.005000000
BOT-188,4d1GiC8HcqS9DRcGerSVrhuaCpA3f4vBU2cBadrDooYK,0.005000000,0.000000,0.00,0.000000000,0.005000000
BOT-189,EcjrxPVhFYamhXTwBc4dddxU8Ti7ucTY6NNXETGASYqZ,0.005000000,0.000000,0.00,0.000000000,0.005000000
BOT-190,DfAqCMBSqFPr4CVpYmBJWJxKTV9gYWkkVNaGw9YfwAmD,0.005000000,0.000000,0.00,0.000000000,0.005000000
BOT-191,2pbdSAaLycX7ru6i1YHMQHkWVFM8hqf5SHhgEcuEsHJ6,0.005000000,0.000000,0.00,0.000000000,0.005000000
BOT-192,6udT3YZoDYWivNXqENLknMkYaLbTzbgLYEYDKXi1B2o4,0.005000000,0.000000,0.00,0.000000000,0.005000000
BOT-193,2PcjUXiU1jSXwMiax4iCHheZ4vfbYyBX9e5egaY2CHBm,0.005000000,0.000000,0.00,0.000000000,0.005000000
BOT-194,dbqqvBDbY3nn1XScYe46zDQ8kqnsT43bXKyzQAStfyF,0.005000000,0.000000,0.00,0.000000000,0.005000000
BOT-195,7mxn2487gCruMQTWacRaAQqKDFk9sYeaYBS5aRXaKU49,0.005000000,0.000000,0.00,0.000000000,0.005000000
BOT-196,8cxXCKnkcc4hNDNK3easmqGLjUA7STYUywCLCyLzsZDP,0.005000000,0.000000,0.00,0.000000000,0.005000000
BOT-197,4EJTNyyCXGWuwpuuhmMhBjVv3BLopjyezMSmfGMjM2y2,0.005000000,0.000000,0.00,0.000000000,0.005000000
BOT-198,BTeB1Mw1n6T9kBuCdtTUmQ2L2zPv25ZUuWEASsfxUQTW,0.005000000,0.000000,0.00,0.000000000,0.005000000
BOT-199,5P4m7MQXc6nxv7skymRCRxZgWtZ5u57HSuscrN5XCFCp,0.005000000,0.000000,0.00,0.000000000,0.005000000
BOT-200,FeAaqnaWSumbyjV31CaZLXWPedmM2BV3agV5jVwg5Uwu,0.005000000,0.000000,0.00,0.000000000,0.005000000
BOT-201,39QVcVcAumNpDspVGXMkj4eifnfz2ZNuNRXoFozUzzq4,0.208793385,0.000000,0.00,0.000000000,0.208793385
BOT-202,27edNnGi4xVKPxT8u93HaKfkVdBnY6yLak3n21Lc8xp4,0.005000000,11.230501,0.00,0.000000000,0.171723590
BOT-203,CT5rt9Dhjp9WyvbBSHJJsDLBsBaiMf5qKPqmdNVQ2EKo,0.359866068,0.000000,0.00,0.000000000,0.359866068
BOT-204,EQki8vehfttnkA95gC8Din3m5roCL6BP6xEx5Zyj4K6W,0.385375926,0.000000,0.00,0.000000000,0.385375926
BOT-205,Ea51Jxi3aCBvU4tX7YadHoUEyCG8goiYH5bFdqYCc7qV,0.199259947,0.000000,0.00,0.000000000,0.199259947
BOT-206,6bPNgSjRcWehgK3jKRVyxZko4marzGAMAv2jyfbdDLiH,0.343363043,0.000000,0.00,0.000000000,0.343363043
BOT-207,B5AWnAzRUJPLWZcFUrwqbCyNHqjtKC6FKuDwLaLq91s6,0.342055996,0.000000,0.00,0.000000000,0.342055996
BOT-208,9hXUSejdh5FomkXTLz1FpB5WtCwHKdjdtKmCDY1GMaf4,0.312228638,0.000000,0.00,0.000000000,0.312228638
BOT-209,C7JksGWgwQiNP8mBvZGP8gbEDPH1MgoL6NixSSvPNp8u,0.173614588,0.000000,0.00,0.000000000,0.173614588
BOT-210,8AXYj3kB5TZoo2NWAoTEmygbzLpA8qDjURq9YBG77BaK,0.206844397,0.000000,0.00,0.000000000,0.206844397
BOT-211,G56zMDZsVcc5dG8fV4jpCwuqCaKqVWed4Vn5ZzVXA1hs,0.174957667,0.000000,0.00,0.000000000,0.174957667
BOT-212,6rJXyGdb6DquG6SNfv2jMrdkSyCcTdMPbmBwHtNidf4u,0.186202477,0.000000,0.00,0.000000000,0.186202477
BOT-213,98ay51CKbBRf11Y5kMsRNYzvR6Y38oxSDDnfXQbGdaTP,0.005000000,14.004735,0.00,0.000000000,0.212908774
BOT-214,3DGk49KVnQoB4E8xRjFLUvhGkFQZm6FqctfE97CkLjmD,0.166333541,0.000000,0.00,0.000000000,0.166333541
BOT-215,DUCvnwb1Zfq6efeDYYgRk6XcWq5jFKukSb3QcnSjjgs8,0.221829805,0.000000,0.00,0.000000000,0.221829805
BOT-216,2QXSZA6BFq4u6nMhcPfNTp4U4oZsfH9dwwBskhM3hG1B,0.185865011,0.000000,0.00,0.000000000,0.185865011
BOT-217,B6SkNrpYcgu1AeSANArbWtyoLAcz9LMdmAQsdp4QfZx1,0.199117806,0.000000,0.00,0.000000000,0.199117806
BOT-218,7HY8HvCeebExo1cQVzrPnDDgySHfYa32heA2sxgX1yyp,0.221438931,0.000000,0.00,0.000000000,0.221438931
BOT-219,5LA9FfWy2HdhyNkV9HjkLFiPPVk5aFWKgoEiLmNUcebk,0.219724308,0.000000,0.00,0.000000000,0.219724308
BOT-220,6ehv34Jt5PbTpY4vcp5dE3Vc3hojAgJKhDEgq9wEphUU,0.005000000,13.594538,0.00,0.000000000,0.206819151
BOT-221,6sE4CwcknDqjmBbQpZ5W6dChgfvu85cKArb6EFbjkkQx,0.267241068,0.000000,24.00,0.003050394,0.270292162
BOT-222,EoBFvk1chYasdJgdhSn8oqCyCbejF27gYizbDYrLBnAo,0.276024648,0.000000,45.00,0.000000000,0.276025960
BOT-223,Duh4yPiwvRikC35kCYaDGyUoZxd7eVuUwcppfQtnfNms,0.199209931,0.000000,105.00,0.000000000,0.199212993
BOT-224,A9BGnpcFQsqCHsR5eGGCKeShxuqJx5qDGunucRXPdjjh,0.249222043,0.000000,0.00,0.000000000,0.249222043
BOT-225,8g2dp81QB8dkuPT4xMEfUEcGetVixBCX6KLbzy9yHDpv,0.287425077,0.000000,0.00,0.000000000,0.287425077
BOT-226,5eQpYJkaprRUkVeVXAGZ7HoFJfq7bk5L4MJEVuGrg8AP,0.238843356,0.000000,0.00,0.000000000,0.238843356
BOT-227,3tUDTbtJarMqRKJdoReri7zx7t7o1MZwKgMVv2puoFxY,0.264922998,0.000000,0.00,0.000000000,0.264922998
BOT-228,HmmJbU2zAysyNvCjMvQow7A3kRGpAiRhRGY7ufPjZRND,0.267772281,0.000000,0.00,0.000000000,0.267772281
BOT-229,22rpihUPhbAqdsfDor2vZvSsK1zdPPKjwMncMmL65ejc,0.232145221,0.000000,0.00,0.000000000,0.232145221
BOT-230,HZi3btQG9Fzv95Tq89VfPtW9dmzzDUUYH1bZPX5Etnmk,0.295343545,0.000000,0.00,0.000000000,0.295343545
BOT-231,ARth4Dmqyjg8KoUBEBsURDm1TGPZebvdpJNLBui6bHey,0.005000000,16.571105,0.00,0.000000000,0.251008091
BOT-232,8ZZWmvs7no92KBofYbrD4nSqdZFzdGuebmSTjh7gTsM2,0.015983285,0.000000,0.00,0.000000000,0.015983285
BOT-233,DrG1wrEhe2sdFiAPvgQSvemMR6YvUx97PNYgVVgJhnu2,0.018076925,0.000000,0.00,0.000000000,0.018076925
BOT-234,7mNYLV7AAnfjahosFXLXeP1JkHPZ4eaDYP9Q9SGaWvaR,0.016611628,0.000000,0.00,0.000000000,0.016611628
BOT-235,95qCsxgiPtW8PR1eyg7LGuksACP1pcBEi93nZ4eSd43R,0.017801042,0.000000,0.00,0.000000000,0.017801042
BOT-236,A68B3LmSPbMMaoANvEqYqsghByGjQtkCFzurTdX4wzJJ,0.016936300,0.000000,0.00,0.000000000,0.016936300
BOT-237,H91RWintcVcNiiTFsK25KbJ9GqHcrMHb4ZqzQ7Kyom6X,0.019720311,0.000000,0.00,0.000000000,0.019720311
BOT-238,4L2DdngKETyMo86SdLmdzeAvVHAuCG3718kExd8F3v6j,0.020606823,0.000000,0.00,0.000000000,0.020606823
BOT-239,81Lg4a4NyxWnnVZHzVjsa9Wv4H8b9v7GsfNSbbevRwY,0.016069444,0.000000,0.00,0.000000000,0.016069444
BOT-240,pFd7o8qVgwRR1Youm4b1c4i5NHFwJUomyJsaa8Vjk9o,0.005000000,0.000000,0.00,0.000000000,0.005000000
BOT-241,GqNRKEJ7YAJQ86QQ166BDzumrnnRUWBWup9MUjmc16GT,0.190362104,0.000000,0.00,0.000000000,0.190362104
BOT-242,CiFo2zRj6KRb1xjBMC2DpF3okfDYTv6uj2yVEXr229xp,0.181460628,0.000000,0.00,0.000000000,0.181460628
BOT-243,HZs2HLWyVgXHqLHMhFRsKBr4NxHKBrkuJAdJKtz6mPtu,0.172315640,0.000000,0.00,0.000000000,0.172315640
BOT-244,7h3VRFvnxwhDdvMUkZg4waUhozn3bW5fjGhzKQ9Dwfaz,0.192792709,0.000000,0.00,0.000000000,0.192792709
BOT-245,DEugfBW9pQnDbctkeMMxcLKvVD6pUGhp2vafZWfCynd5,0.154104227,0.000000,0.00,0.000000000,0.154104227
BOT-246,G88fQkyzPtJw4gGcjux5gHdi7UjUhcEgU45bV95ygDmZ,0.161260172,0.000000,0.00,0.000000000,0.161260172
BOT-247,92ve4BnGFefANMDd12b3Cr973z46dR74NTjDyQBSACmT,0.179279206,0.000000,0.00,0.000000000,0.179279206
BOT-248,B6NyJQSMQN4G1XWRpWAzXjgZXjJQG1nXKhEfcGzxALL6,0.184679954,0.000000,0.00,0.000000000,0.184679954
BOT-249,4VBgP5kwuzA2C4eVgFLg2qPBs3Kr5uuxvheTr46p7uJf,0.177444463,0.000000,0.00,0.000000000,0.177444463
BOT-250,Fi5ei9HYSC6sovZmYAyWKvHgpCMqaLd93mtY1okSYaqW,5.545121080,0.000000,0.00,0.000000000,5.545121080
BOT-251,EcH34TdowcMzT3rqm7N37EN8Sj1bX1rSjzaE8mWADjth,0.181699845,0.000000,0.00,0.000000000,0.181699845
BOT-252,5ZyyVvQNrTFzKcLfKytJev9hBYGyVysDCRH1mxpXmacr,0.005000000,0.345186,0.00,0.000000000,0.010124495
BOT-253,FYQaAGjdTu7JyC2QR9sJR2aUA4LYwuc6xUTz4osBvH8J,0.005000000,0.188074,0.00,0.000000000,0.007792072
BOT-254,8PsunuimCXCS9pyXCvSXtQr1sxn28jNaBJhPQpjaw4a3,0.005000000,0.214478,0.00,0.000000000,0.008184056
BOT-255,GpHfbvxMJpyCSNYRo4dv28ex46ZG8xhtJaPYUAcb6iXG,0.005000000,0.209328,0.00,0.000000000,0.008107601
BOT-256,JD6kxaUE2LQAso7kSJJr2XagowhYgheQ5E24AoGEQP2q,0.005000000,0.000000,0.00,0.000000000,0.005000000
BOT-257,82tBAmy7dxhJ2DVCVcBAhh8zxoU9X4CjznsxSV56yy6h,0.005000000,0.000000,0.00,0.000000000,0.005000000
BOT-258,4Mh4WYSHgHX7MuoxWh6dUSjdtrkNswoYPHgTco2t4TZL,0.005000000,0.000000,0.00,0.000000000,0.005000000
BOT-259,SiUuq3fZ5taT8VDyAXppoDYcZJ7o8yZBFby4oCvNXpm,0.005000000,0.000000,0.00,0.000000000,0.005000000
BOT-260,BhZPfwWDEc2uVVJxNwoaNu2fRm2qnf5hvwywAg9uwoc6,0.005000000,0.000000,0.00,0.000000000,0.005000000
BOT-261,3zwhAnRUNkFTUKYwyJd5NKTndB8vLsYdRSasQwVV4SeQ,0.005000000,0.000000,0.00,0.000000000,0.005000000
BOT-262,GXeB7NYUyrikMob1PCpNGfggCmgJ5BihLcvrbEaEL7fw,0.005000000,0.000000,0.00,0.000000000,0.005000000
BOT-263,DfjMHme8otakV5TuEvMZa2jhLmkfPD2mWNC26xmUwiPq,0.005000000,0.000000,0.00,0.000000000,0.005000000
BOT-264,6dHiydUJhbooz8nfRytQR79jh8pF8QJkLnxtx9FMfnMe,0.005000000,0.000000,0.00,0.000000000,0.005000000
BOT-265,FjLWwFAEkjWYaJqJZbdCm1PuUEjCcppgAWZRuqmKXYro,0.005000000,0.000000,0.00,0.000000000,0.005000000
BOT-266,966sNd4ZMueenQdBLHcsu8Zro71Zj6ncTTWE9wKPtMiE,0.005000000,0.000000,0.00,0.000000000,0.005000000
BOT-267,AzjjzRM7LCx7anjJBpW5YxFhVpMx92LseB3LmYEqAgL6,0.005000000,0.000000,0.00,0.000000000,0.005000000
BOT-268,BSkexvbUbduKXrdA2EBXvp8A28gq5tY21Uy5pQBwJUfv,0.005000000,0.000000,0.00,0.000000000,0.005000000
BOT-269,DFaG6tgs1Pp82GTvoN6tvStov8uJdAQqqZEdThGfmRQG,0.005000000,0.000000,0.00,0.000000000,0.005000000
BOT-270,F7eBmmCAGGNP41d1ruoSaR8EBG4NRWdBTMWAEpsjte4m,0.005000000,0.000000,0.00,0.000000000,0.005000000
BOT-271,CzTrRwDGFEt7r7YZPnbgoRzRNgX5r3SQiW985A6nWSEP,0.005000000,0.000000,0.00,0.000000000,0.005000000
BOT-272,HCzt5uhAFGtY1aiAJB3HzSnP4ZzS4vwgP5Xp4rod9pak,0.005000000,0.000000,0.00,0.000000000,0.005000000
BOT-273,JC3FSJERbDVjiNxgxjvvAfxV8NZympYAPZK4YvHpuNgo,0.005000000,0.000000,0.00,0.000000000,0.005000000
BOT-274,AR9SWysngXw1hrQauHbcA4jVyVBmAGgQfg2AYdpjKkML,0.005000000,0.000000,0.00,0.000000000,0.005000000
BOT-275,ETms4tTioWrevq6mxyzUq2fnkJzqTsb2eAUNKqviB7jz,0.005000000,0.000000,0.00,0.000000000,0.005000000
BOT-276,4stgmiZu7D9ipYB6mswskLMtcbfLYyCsV7NFYw4NL2tT,0.005000000,0.000000,0.00,0.000000000,0.005000000
BOT-277,7P3EQZjpAsKgfic2vy9TGiFNQbABTWoNDkQrAT6ah3v6,0.005000000,0.000000,0.00,0.000000000,0.005000000
BOT-278,8j6smReUetuaeFbnGSHry3XU96W3uYn8AFhQWeQ1ywf,0.005000000,0.000000,0.00,0.000000000,0.005000000
BOT-279,7j67hHSNqpuVd5ng4AUBahQpns2GGXEzVRHbwN1KPGqx,0.005000000,0.000000,0.00,0.000000000,0.005000000
BOT-280,5WRRPANZpGwRWzhh3GRD17qavFpyct9rApm2cA4WV2W4,0.005000000,0.000000,0.00,0.000000000,0.005000000
BOT-281,FEP5w4gaN7qom7NhsBr24vjgJ4o4uGAPsBeRih7R9em6,0.341323097,0.000000,0.00,0.000000000,0.341323097
BOT-282,2qtVPao2SiDQaqgNgaVvBYKFURfxTsbbKpTkUwEdkLED,0.130482725,0.000000,0.00,0.000000000,0.130482725
BOT-283,ERGGawmueQ59hmhR33iZUD4R1aay4YUQTZA1xNWya6Dq,0.330558169,0.000000,0.00,0.000000000,0.330558169
BOT-284,9puiGbTuk95CGKSt61R2N1f9MsnN974iLyVPbtk3MDaP,0.329398894,0.000000,0.00,0.000000000,0.329398894
BOT-285,kjNz5QByFNn1YqX7D5xAZURbxqvmHw2GE7BpRs9YJf9,0.341047079,0.000000,0.00,0.000000000,0.341047079
BOT-286,6nGMjETDnbGFEVW2YNw6uBb8GfRYKRLf2mBUxBGRiNvS,0.369844439,0.000000,0.00,0.000000000,0.369844439
BOT-287,C4aR7LEvUE92JdWudAfjoruNBzZRfAuxRLnDgJWEtDth,0.381776659,0.000000,0.00,0.000000000,0.381776659
BOT-288,CtZfA8NBUFZU6m8CJkcepDRdPvXcEun8bwFNM6HunVxU,0.309018028,0.000000,0.00,0.000000000,0.309018028
BOT-289,2mcXMriFXiJCT2qhTEjYgB2K6FRG6Bjog1P76f2eKasm,0.341187364,0.000000,0.00,0.000000000,0.341187364
BOT-290,C6TALirbuSqPJ1526gu8t5o99kRdTYZ26ceqA4HtojJv,0.141913362,0.000000,0.00,0.000000000,0.141913362
BOT-291,BbHzv2gh4dNNhahjZKT7L6GWTfcMk57shPRk66VAxvCs,0.346071622,0.000000,0.00,0.000000000,0.346071622
BOT-292,J1HsPZMCWMJy4YKK25z3fU9vhq7fuB16m294Pvz25oh3,0.397232201,0.000000,0.00,0.000000000,0.397232201
BOT-293,3bRfRhKTK4VVvK9oygr4hdnTCRn5FEih1UXtittxifSR,0.310530090,0.000000,0.00,0.000000000,0.310530090
BOT-294,5SUceT3jqVPAbJJeHktdiaDrgpEYWZjgYwtPg2i5eR5J,0.113761055,0.000000,0.00,0.000000000,0.113761055
BOT-295,EU1S19EFHNTFGnEpCoffWXYRQ2zvosFDGFBy6nhaYAjY,0.405457957,0.000000,0.00,0.000000000,0.405457957
BOT-296,9zkyMf34Qoppw7dQY4NXujfx5EXF6QCkEckZVKSLr1Ck,0.146697098,0.000000,0.00,0.000000000,0.146697098
BOT-297,6TCkk8MiGoYSa47y7a7PW4McxtGmb1km1KEE5jiauUp7,0.125440209,0.000000,0.00,0.000000000,0.125440209
BOT-298,9CcPopQ2gvHcB3cjRVKr6PPpqWqJw1EU97ofHjvatCsU,0.112026240,0.000000,0.00,0.000000000,0.112026240
BOT-299,DwbxsRmB4cw291SadNuYVA46KuKCdUSzd3xTPeeKvQH2,0.137792772,0.000000,0.00,0.000000000,0.137792772
BOT-300,6xJU71D8oANX3ZoztFGHGXVgRkMxaz3ubivpTXZ9YrBx,0.123291313,0.000000,0.00,0.000000000,0.123291313
BOT-301,79U2pzk7DfzJRG2ZVexprRrWn1Qsrddnx1QQYmbWKCwY,0.123513195,0.000000,0.00,0.000000000,0.123513195
BOT-302,HGkAucZW8FxV3VypEoJSEnvewy7wVB4BrmcurCcNHWWZ,0.130121878,0.000000,0.00,0.000000000,0.130121878
BOT-303,JAETtWvTkXpo5LydeCnci22pBzbMG9nCVBpvzPHj6gSo,0.005000000,0.000000,0.00,0.000000000,0.005000000
BOT-304,5QB94kHJSJhYXxnxWcFnWWtuBafCaM1DC3JCGM7JTMmc,0.005000000,0.000000,0.00,0.000000000,0.005000000
BOT-305,6dUn5HmYKbDTeP4CoQzkNpwHsSCXPj7ipQyjY67XaY2K,0.005000000,0.000000,0.00,0.000000000,0.005000000
BOT-306,H1ypRvSD8xUvVZxfc9VRgQDrzAFbeofWZL8tUQJQmqcz,0.005000000,0.000000,0.00,0.000000000,0.005000000
BOT-307,8KkTSt4YXpUKyehDPt6XsiZgtziwfnajkU3sFkCJQc2s,0.005000000,0.000000,0.00,0.000000000,0.005000000
BOT-308,3VCy3x1Yfo6vGTguozsfYqSqGvvJMQGFfvEyDHTnb1rP,0.005000000,0.000000,0.00,0.000000000,0.005000000
BOT-309,GRgNmQFUviGpFSuYtWEuKd5KNAU6Qxu8tpwa9qZPrQzU,0.005000000,0.000000,0.00,0.000000000,0.005000000
BOT-310,fLiyzYcA2H3aiiWzLbbHoYed75bfxSsx7yEHZsovJhe,0.005000000,0.000000,0.00,0.000000000,0.005000000
BOT-311,4txfevesxdF2xbXZHUcRw7ZJGCQzTCEyA64qcgsgzGtT,0.005000000,0.000000,0.00,0.000000000,0.005000000
BOT-312,o7oRriCBCLJGs3X68iVKUNuXaZnTVipmmTBrrx599fN,0.005000000,0.000000,0.00,0.000000000,0.005000000
BOT-313,4bWzwgm81wLkA6tsRZyU68mcjeJ7T6GuTMReZ9EqZEeg,0.005000000,0.000000,0.00,0.000000000,0.005000000
BOT-314,6cLAv9KmwYBcbziTbB2BYj3EET38SqzCko1JxrahhZnE,0.005000000,0.000000,0.00,0.000000000,0.005000000
BOT-315,88kK4cdQVgiLTGw1CBkUdiQQQSKcCnLAuPSqoukpGBMa,0.005000000,0.000000,0.00,0.000000000,0.005000000
BOT-316,3U62WqohBaJWTtSuzxR333Enjd9maYxpWfUaWxXgBp4N,0.005000000,0.000000,0.00,0.000000000,0.005000000
BOT-317,H9k7BeQBiM93PG88MK48MkdMneHTtDaLsiME18YDzJ5H,0.005000000,0.000000,0.00,0.000000000,0.005000000
BOT-318,9j4NNiFMt6AM5QvuD8etP2AURXwXTT6EFZibax2g6Ysc,0.005000000,0.000000,0.00,0.000000000,0.005000000
BOT-319,9vEUQ4zqz8HCY1S6jE298CjPY1kFtgKWoEt33K9wmtgK,0.005000000,0.000000,0.00,0.000000000,0.005000000
BOT-320,7sobTdhzwFpo2QPUCqtmQTq27BR6RBJuzjfs8DBYsDAX,0.005000000,0.000000,0.00,0.000000000,0.005000000
BOT-321,Ynn5on5h6YbZwEZGrsMdRqb345ufWRXMAH18yhR4Cjg,0.181260080,0.000000,0.00,0.000000000,0.181260080
BOT-322,AEAEbJzhYoj3H6tMBKczkuUcPG5trMLPEvZ4THmx9KYX,0.206882686,0.000000,0.00,0.000000000,0.206882686
BOT-323,AfKUm1RdrwJeLWYKZ3zAkTCKjMDJuy9FQgr5edGdaRwd,3.014177302,0.000000,0.00,0.000000000,3.014177302
BOT-324,B8CVew9De8Ls8iQBmwJntMpB6CpgRZDKtXhFN6g3p9Yq,3.077598485,0.000000,0.00,0.000000000,3.077598485
BOT-325,93XQYHFAwKctavRsc8tsRRrhRCunRXjaU8nLTaNvvd7o,0.220323139,0.000000,0.00,0.000000000,0.220323139
BOT-326,GFFMXuaUkvyGX6qQqihieDVxuVCte217VfNiNqxtBbFG,0.180438391,0.000000,0.00,0.000000000,0.180438391
BOT-327,JAYhW5NsjjKitTLCaXcUMCCYoQsSjB5DGXNaJxMN39Tb,0.169101703,0.000000,0.00,0.000000000,0.169101703
BOT-328,GHjidfwRHVSFV7t3zHALf4x82Zf8ELLrcSWGuugS4wiB,0.214584985,0.000000,0.00,0.000000000,0.214584985
BOT-329,73irPjDiQVZYrWhS36QxPEMoMNsBHi3mV3GzPxFtsgjv,0.005000000,0.143914,0.00,0.000000000,0.007136490
BOT-330,E3G57hHhM3USvwUNs9gzm8T7fhC87U6DbHYWtyutuZJ2,0.005000000,0.198012,0.00,0.000000000,0.007939608
BOT-331,4FSMHg77rmdpsTBsK7qTy7E7ZVYrdhRycpDJRfcUmQ8u,0.005000000,0.146410,0.00,0.000000000,0.007173545
BOT-332,C2ZrgUVyCWoTZT2NUj6irVig54uFHg1EvCSLjCBxfCiE,0.005000000,0.134562,0.00,0.000000000,0.006997654
BOT-333,8dRXGi3rpngVwzMJcLz2JsoMvHLRCfguUckfMGnVBeYQ,0.005000000,0.172663,0.00,0.000000000,0.007563287
BOT-334,7jJFzuvEFGUDzhEnNdqd85e6CTZnx7HSah7jsK7dpia4,0.005000000,0.189364,0.00,0.000000000,0.007811223
BOT-335,4oYsBG5fTswFy9UdFZJfAQiCNhkAGinDommPQe3k9JdM,0.005000000,0.157076,0.00,0.000000000,0.007331888
BOT-336,2sQgnd4Ta76Vrw4ovGgCer9ejqx5PeQvnaY1K84H5wDe,0.005000000,0.143807,0.00,0.000000000,0.007134902
BOT-337,DtdeNmcFSmYXCamVvY9cMkLhVph2C2EASHAQ1TGJhk69,0.005000000,0.178162,0.00,0.000000000,0.007644923
BOT-338,798wK11igaATGW3T89bYoMScDbeiM6QtGhwciYMPKu2R,0.005000000,0.192381,0.00,0.000000000,0.007856012
BOT-339,HnEm9jYrm5mHTqMUwfdWXB2pgxuUCk84aNjR5tiFeBAY,0.005000000,0.188876,0.00,0.000000000,0.007803979
BOT-340,2Lit28zWPuU7KfhVMq7GJTnLFvbVwQPQgmoxWiFMh6sH,0.005000000,0.154003,0.00,0.000000000,0.007286268
BOT-341,8VvHXUpnWwTvLiL29Hf9oopoFtUXqcG5N8qVhez8umKr,0.005000000,0.194712,0.00,0.000000000,0.007890618
BOT-342,CvZLwewDNceRNUJwXAhNTMZaHHrWyja1XuDP8yacuYFQ,0.005000000,0.179530,0.00,0.000000000,0.007665232
BOT-343,EjafQoJkGSVB4ZSZZVnnc6WMi5XV8ktLMkjBRLWPU9Pw,0.005000000,0.175294,0.00,0.000000000,0.007602346
BOT-344,7RBJQ4QW3U5oXddhsw9fgQQhJGuvCFqgzg7PsfCXvLxi,0.005000000,0.170934,0.00,0.000000000,0.007537619
BOT-345,HZCjmwe637Hbxsj333K7bHqid6V5gsEP5qTjSDZaybyw,0.005000000,0.194576,0.00,0.000000000,0.007888599
BOT-346,DzLNrdJvGq68pvSz1pxxdDVDM5B17WArZEgnbzZM6Xms,0.005000000,0.160094,0.00,0.000000000,0.007376692
BOT-347,9GBokv2HtomZcA15Gfs3UayW5FknEKT7Qn5fBCVNWAGi,0.005000000,0.189729,0.00,0.000000000,0.007816642
BOT-348,FEH2scACQBZJaeaVYwRwzEWrSPD2me8jmxh7FxkmQMqE,0.005000000,0.155359,0.00,0.000000000,0.007306398
BOT-349,vHY77qQs5S6CMTSY1yjR5kfMm8JcaH6zw7kg3Kgdewp,0.005000000,0.144961,0.00,0.000000000,0.007152034
BOT-350,GPhWcRabiY4zY17WRpRXpv1hKp6Tc9udiDVJHDfxWenv,0.005000000,0.000000,0.00,0.000000000,0.005000000
BOT-351,34u4eaZrVWfyNzawYqhRc7yVb1qZeCqisha1H92ua743,0.005000000,0.000000,0.00,0.000000000,0.005000000
BOT-352,CnA7YNKtQRYVYi1UdwdMXSNa2tzqjHvZL7HuSZSTFksh,0.005000000,0.000000,0.00,0.000000000,0.005000000
BOT-353,Fkavqb1NeFFbokYBMD53jixzXYbXMkJTDKi5rNXi8cnz,0.005000000,0.000000,0.00,0.000000000,0.005000000
BOT-354,ACkji6vGA3MZL51nPejQjKAE55eac3iC1MFoMGoCeFbM,0.005000000,0.000000,0.00,0.000000000,0.005000000
BOT-355,8A37euCaVXXJYw17Nc93Qpztyy4EVg495fRaabHM8BMV,0.005000000,0.000000,0.00,0.000000000,0.005000000
BOT-356,7i4N2QFTFKYXE2kMcLA3NLK96hGCVANXy7kDC769umv2,0.005000000,0.000000,0.00,0.000000000,0.005000000
BOT-357,8Crdu1sSowwZ9Ynty174pEmWcYGkj7KXTFwDTHbgaU3B,0.005000000,0.000000,0.00,0.000000000,0.005000000
BOT-358,7HLuebNJZbPkwnoYiKs2cMAuQ525Gk1w5HwYrPpX9zt,0.005000000,0.000000,0.00,0.000000000,0.005000000
BOT-359,4TZJsdLPr3voqs1knxxcpPkdyUgW3L3FxWdUW5tdTWSH,0.005000000,0.000000,0.00,0.000000000,0.005000000
BOT-360,7yAjiESAA6d6WSKtgu6nnQ9WvXE7voZTXZsuJN5egaPi,0.005000000,0.000000,0.00,0.000000000,0.005000000
BOT-361,5VA9jrEsL3THmT729wbhAhmLU4fF767stNsMQMCRLBCp,0.207275439,0.000000,0.00,0.000000000,0.207275439
BOT-362,GQvGMbVev4fdsNVtz8XGDH9AqFyQGGNPmNQr5N36gssg,0.179888522,0.000000,0.00,0.000000000,0.179888522
BOT-363,6XBHLDzBdQUNmX3SdJVwDDNvFDccmdnKZcZHtf3qqEkQ,0.202707440,0.000000,0.00,0.000000000,0.202707440
BOT-364,8npNfCFcXYwukieHWbD1P4teQ5DC6AYYZ8yfZppUsMsZ,0.180137263,0.000000,0.00,0.000000000,0.180137263
BOT-365,4Ha1KXYyFAkMDp7ZD1YprDLFaPjKcr2RCnJsYwgvPVkU,0.187687505,0.000000,0.00,0.000000000,0.187687505
BOT-366,DHuXTLUGhrAit6fih1DUCuX8C8wZ3TdDmJPFcHEZFXVh,0.200184877,0.000000,0.00,0.000000000,0.200184877
BOT-367,HjcijgwzrNdnKBEppyShvi1i6YQV7tTVoPXadtb5DGiT,0.214271180,0.000000,0.00,0.000000000,0.214271180
BOT-368,5uW1QnPyx8S3X74jLzbSeNWJ2MAEziEMbe3bKa9B55iW,0.189186333,0.000000,0.00,0.000000000,0.189186333
BOT-369,43x27qnuzxaDc7GSyuHnXfehKUmvqXH7WNuzhC4v5HST,0.204889183,0.000000,0.00,0.000000000,0.204889183
BOT-370,6mVuzmg7t7bbJnVcutCeAmq6c5EjSPdEb8jSRaNMFhs8,0.202564447,0.000000,0.00,0.000000000,0.202564447
BOT-371,6EiB8D1VhtGjVYNzrow6j4gZGj78nwYwhkvkgQprrqud,0.182460273,0.000000,0.00,0.000000000,0.182460273
BOT-372,57rf3ixsZmpzcCRo5KjxY19cvbNQf2HbpjsMJokmzVQk,0.005000000,12.045506,0.00,0.000000000,0.183822833
BOT-373,Hn2rhYEswJBEWViSsyiqdgA9CLGG4mS3U8wbKiTpCDtT,0.175532410,0.000000,0.00,0.000000000,0.175532410
BOT-374,7qnA33LuhvjXmREn6Ms11PG1BMup91Lw7iq1J2v2xkH9,0.203584011,0.000000,0.00,0.000000000,0.203584011
BOT-375,GDtoSdn19YwY93ow2z7WLNXMAnR2fDPsdoLHBCw5WWJr,0.059963946,0.000000,0.00,0.000000000,0.059963946
BOT-376,23UnQ3uKELJEEFQSfJCt8deSz8P1aKCFrctY2xs6x85w,0.005000000,14.297424,0.00,0.000000000,0.217253919
BOT-377,5vnF6J9F4J8yJeLopXZMe4cb1ygV4kbt9rWvnGjVQ1h7,0.184463930,0.000000,0.00,0.000000000,0.184463930
BOT-378,5T5sUumR6nQDvyfppZXD8Uzne5MTawvTDaU2WUk5TKg9,0.199650341,0.000000,0.00,0.000000000,0.199650341
BOT-379,8LdCPLF1db5hEHDccrhUt7oYCKyvPCEvqF38yRT1VAZi,0.066780626,0.000000,0.00,0.000000000,0.066780626
BOT-380,Gs4k8wNTUY36B6QPdxcvYf7p4n3FctSZhFLoCUcifpCj,0.070043116,0.000000,0.00,0.000000000,0.070043116
BOT-381,CF9cGbbTie1c36oBCwZ2Hhtvv4yUbCKEMqXtWsMR6Eot,0.225735461,0.000000,0.00,0.000000000,0.225735461
BOT-382,4hP4254waHm5snxSkoZWzQX7z1f6bbxgLmTzBc9qMB8c,0.005000000,0.000000,0.00,0.000000000,0.005000000
BOT-383,8MDDfJmCYePomdThXSV5it5XnqB1EGyqeoufHTjN7FCs,0.005000000,0.000000,0.00,0.000000000,0.005000000
BOT-384,G56VgwpSdN5JWLPrsHPSaHnUpnLhcpdojfYcFUnsUn36,0.005000000,0.000000,0.00,0.000000000,0.005000000
BOT-385,9FQPF8FgbfoX2QChMdVoYKRKyx6etXhUZKfpzmmXrrKE,0.005000000,0.000000,0.00,0.000000000,0.005000000
BOT-386,DnXB54JoVvkSk4dy7nfSjkhDT9Fkyuf2phUoWsnpuc4s,0.005000000,0.000000,0.00,0.000000000,0.005000000
BOT-387,FFrxU8HghS9WneH4pE7JKPXPK7rms4WKBLn5SRqHw7dp,0.005000000,0.000000,0.00,0.000000000,0.005000000
BOT-388,7BgJnt2Mtb7vsHViTDFxeo9TW2fmkhEXEADkukSg5Qdq,0.005000000,0.000000,0.00,0.000000000,0.005000000
BOT-389,E5MKsfiNxZhXdeSb97UHqBcMMTMkKgx3T8VTPkDYdhyB,0.005000000,0.000000,0.00,0.000000000,0.005000000
BOT-390,GPGN6dRoVMQj5w65mYjGvwWTwgVGvQJYC7u3D5Mpcmc3,0.005000000,0.000000,0.00,0.000000000,0.005000000
BOT-391,98TKRKczXUyFHwQW5Yfcv8qwpybowhGLDnQ54VdMYUf4,0.005000000,0.000000,0.00,0.000000000,0.005000000
BOT-392,3J1NPdPYNCRhHmfNsiSPSDMG7rDNAagKahgGinYEmbPi,0.005000000,0.000000,0.00,0.000000000,0.005000000
BOT-393,2tcEDSnHPCEUx8FE8UZhTZjcKCZ6QucyK23kJ9GAnyQ9,0.005000000,0.000000,0.00,0.000000000,0.005000000
BOT-394,HfsDegp3A7tSfJnhQQB1Umn9oqDdPBQD6U9wADQ2jHBi,0.005000000,0.000000,0.00,0.000000000,0.005000000
BOT-395,5wyCmASBN5xBeW7MaHC3Zv6Cy21ebHrMN27hGGuLiQjp,0.005000000,0.000000,0.00,0.000000000,0.005000000
BOT-396,9fzGarf5piBqJFuSUgQwUsrYzUCuj2X2oQrgzNUsF1Xs,0.005000000,0.000000,0.00,0.000000000,0.005000000
BOT-397,E3yf8ypztzrEPQSEtnQE1XkiC1fKeUzF8Uyiq7joDoD6,0.005000000,0.000000,0.00,0.000000000,0.005000000
BOT-398,D8Ekgs5mLwKCGV7RXknFq71UpEuWKT1gwUNuCxm967AZ,0.005000000,0.000000,0.00,0.000000000,0.005000000
BOT-399,EJGM68DP6C83cLsLNtjaKsCsryx1EoatE5nzjgrrDkMk,0.005000000,0.000000,0.00,0.000000000,0.005000000
BOT-400,HzqcsSre91iMJzngte8xqyawH935ZDGtytsuGjSa9Za9,0.005000000,0.000000,0.00,0.000000000,0.005000000
